"infraphylum","country","date_year","scientificNameID","year","scientificName","county","dropped","gigaclassid","fieldNumber","aphiaID","decimalLatitude","subclassid","gigaclass","infraphylumid","phylumid","familyid","catalogNumber","basisOfRecord","terrestrial","maximumDepthInMeters","id","day","parvphylum","order","dataset_id","locality","decimalLongitude","collectionCode","date_end","speciesid","date_start","month","genus","eventDate","brackish","scientificNameAuthorship","absence","subfamily","genusid","originalScientificName","marine","minimumDepthInMeters","subphylumid","subfamilyid","institutionCode","date_mid","class","orderid","waterBody","kingdom","classid","depth","phylum","species","subphylum","subclass","family","kingdomid","parvphylumid","node_id","sss","shoredistance","sst","bathymetry","identifiedBy","stateProvince","typeStatus","recordedBy","occurrenceRemarks"
"Gnathostomata","Brazil",2000,"urn:lsid:marinespecies.org:taxname:276066","2000","Scarus zelindae","Abrolhos",FALSE,10194,"13",276066,-16.951389,293496,"Actinopterygii",1828,1821,125557,"MFSFAF1000","PreservedSpecimen",FALSE,6,"059770a1-055f-4121-b541-79a0cacf20e8","15","Osteichthyes","Eupercaria incertae sedis","7a950cb1-88cc-4401-9368-1495e64586ff","Mato Grosso Reef",-39.113333,"RAP",950572800000,276066,950572800000,"2","Scarus","2000-02-15T12:00:00Z",FALSE,"Moura, Figueiredo & Sazima, 2001",FALSE,"Scarinae",159299,"Scarus zelindae",TRUE,1,146419,151787,"CI_BR",950572800000,"Actinopteri",1517577,"South Atlantic","Animalia",843664,3.5,"Chordata","Scarus zelindae","Vertebrata","Teleostei","Scaridae",2,152352,"dde0dbd3-92fb-41e6-9f51-b1ae930a934b",36.9,38,25.86,5,NA,NA,NA,NA,NA
"Gnathostomata","Brazil",2000,"urn:lsid:marinespecies.org:taxname:276066","2000","Scarus zelindae","Abrolhos",FALSE,10194,"16",276066,-16.895833,293496,"Actinopterygii",1828,1821,125557,"MFSFAF1003","PreservedSpecimen",FALSE,12.5,"15ff2b5b-6dd4-4935-bc20-0e37d3141c37","16","Osteichthyes","Eupercaria incertae sedis","7a950cb1-88cc-4401-9368-1495e64586ff","Pedra do Silva, Itacolomis Reefs",-39.091389,"RAP",950659200000,276066,950659200000,"2","Scarus","2000-02-16T12:00:00Z",FALSE,"Moura, Figueiredo & Sazima, 2001",FALSE,"Scarinae",159299,"Scarus zelindae",TRUE,1,146419,151787,"CI_BR",950659200000,"Actinopteri",1517577,"South Atlantic","Animalia",843664,6.75,"Chordata","Scarus zelindae","Vertebrata","Teleostei","Scaridae",2,152352,"dde0dbd3-92fb-41e6-9f51-b1ae930a934b",36.87,2060,25.81,6,NA,NA,NA,NA,NA
"Gnathostomata","Brazil",2000,"urn:lsid:marinespecies.org:taxname:276066","2000","Scarus zelindae","Abrolhos",FALSE,10194,"23",276066,-17.875,293496,"Actinopterygii",1828,1821,125557,"MFSFAF1008","PreservedSpecimen",FALSE,11,"1c4d69be-915c-40c7-b7dc-fbdb9a3aa835","20","Osteichthyes","Eupercaria incertae sedis","7a950cb1-88cc-4401-9368-1495e64586ff","Southern Parcel das Paredes",-38.979167,"RAP",951004800000,276066,951004800000,"2","Scarus","2000-02-20T12:00:00Z",FALSE,"Moura, Figueiredo & Sazima, 2001",FALSE,"Scarinae",159299,"Scarus zelindae",TRUE,3,146419,151787,"CI_BR",951004800000,"Actinopteri",1517577,"South Atlantic","Animalia",843664,7,"Chordata","Scarus zelindae","Vertebrata","Teleostei","Scaridae",2,152352,"dde0dbd3-92fb-41e6-9f51-b1ae930a934b",36.97,24774,25.9,4,NA,NA,NA,NA,NA
"Gnathostomata","Brazil",2000,"urn:lsid:marinespecies.org:taxname:276066","2000","Scarus zelindae","Abrolhos",FALSE,10194,"38",276066,-17.506111,293496,"Actinopterygii",1828,1821,125557,"MFSFAF1017","PreservedSpecimen",FALSE,13,"1d30ece2-2b88-4089-b418-5a031ede054e","26","Osteichthyes","Eupercaria incertae sedis","7a950cb1-88cc-4401-9368-1495e64586ff","Southern Timbebas Reef, Abrolhos National Park",-39.013056,"RAP",951523200000,276066,951523200000,"2","Scarus","2000-02-26T12:00:00Z",FALSE,"Moura, Figueiredo & Sazima, 2001",FALSE,"Scarinae",159299,"Scarus zelindae",TRUE,3.5,146419,151787,"CI_BR",951523200000,"Actinopteri",1517577,"South Atlantic","Animalia",843664,8.25,"Chordata","Scarus zelindae","Vertebrata","Teleostei","Scaridae",2,152352,"dde0dbd3-92fb-41e6-9f51-b1ae930a934b",36.95,11149,25.87,10,NA,NA,NA,NA,NA
"Gnathostomata",NA,2003,"urn:lsid:marinespecies.org:taxname:276066","2003","Scarus zelindae",NA,FALSE,10194,"39",276066,-23.137,293496,"Actinopterygii",1828,1821,125557,"FFRMGFGJG1386","PreservedSpecimen",FALSE,27.5,"2016fa45-05af-4744-b005-c7c2b56fada2","6","Osteichthyes","Eupercaria incertae sedis","eddee438-1ec9-4e50-83ca-a7ee7bc324cc","Ponta Longa Ilha Grande",-44.326,"Reef Fish",1070668800000,276066,1070668800000,"12","Scarus","2003-12-06T12:00:00Z",FALSE,"Moura, Figueiredo & Sazima, 2001",FALSE,"Scarinae",159299,"Scarus zelindae",TRUE,27.5,146419,151787,"MMA/BIO23",1070668800000,"Actinopteri",1517577,NA,"Animalia",843664,27.5,"Chordata","Scarus zelindae","Vertebrata","Teleostei","Scaridae",2,152352,"dde0dbd3-92fb-41e6-9f51-b1ae930a934b",36.02,69,23.74,-1,"Ferreira, C.E.L.; Ferreira, C.G.W.; Rangel, C.A.; Mendonca, J.P.; Gerhardinger, L.C.; Filho, A.C.; Godoy, E.A.; Junior, O.L.; Gasparini, J.L.",NA,NA,NA,NA
"Gnathostomata",NA,2003,"urn:lsid:marinespecies.org:taxname:276066","2003","Scarus zelindae",NA,FALSE,10194,"2",276066,-23.268,293496,"Actinopterygii",1828,1821,125557,"FFRMGFGJG1385","PreservedSpecimen",FALSE,15,"206256be-894c-42eb-b4a1-6d290db53b17","16","Osteichthyes","Eupercaria incertae sedis","eddee438-1ec9-4e50-83ca-a7ee7bc324cc","Ponta da Mesa Enseada do Pouso",-44.541,"Reef Fish",1068940800000,276066,1068940800000,"11","Scarus","2003-11-16T12:00:00Z",FALSE,"Moura, Figueiredo & Sazima, 2001",FALSE,"Scarinae",159299,"Scarus zelindae",TRUE,15,146419,151787,"MMA/BIO23",1068940800000,"Actinopteri",1517577,NA,"Animalia",843664,15,"Chordata","Scarus zelindae","Vertebrata","Teleostei","Scaridae",2,152352,"dde0dbd3-92fb-41e6-9f51-b1ae930a934b",36.01,47,23.65,-114,"Ferreira, C.E.L.; Ferreira, C.G.W.; Rangel, C.A.; Mendonca, J.P.; Gerhardinger, L.C.; Filho, A.C.; Godoy, E.A.; Junior, O.L.; Gasparini, J.L.",NA,NA,NA,NA
"Gnathostomata",NA,2004,"urn:lsid:marinespecies.org:taxname:276066","2004","Scarus zelindae",NA,FALSE,10194,"39",276066,-23.137,293496,"Actinopterygii",1828,1821,125557,"FFRMGFGJG1387","PreservedSpecimen",FALSE,27.5,"259e862a-502c-471f-bff2-35f0efbe96e4","27","Osteichthyes","Eupercaria incertae sedis","eddee438-1ec9-4e50-83ca-a7ee7bc324cc","Ponta Longa Ilha Grande",-44.326,"Reef Fish",1.085616e+12,276066,1.085616e+12,"5","Scarus","2004-05-27T12:00:00Z",FALSE,"Moura, Figueiredo & Sazima, 2001",FALSE,"Scarinae",159299,"Scarus zelindae",TRUE,27.5,146419,151787,"MMA/BIO23",1.085616e+12,"Actinopteri",1517577,NA,"Animalia",843664,27.5,"Chordata","Scarus zelindae","Vertebrata","Teleostei","Scaridae",2,152352,"dde0dbd3-92fb-41e6-9f51-b1ae930a934b",36.02,69,23.74,-1,"Ferreira, C.E.L.; Ferreira, C.G.W.; Rangel, C.A.; Mendonca, J.P.; Gerhardinger, L.C.; Filho, A.C.; Godoy, E.A.; Junior, O.L.; Gasparini, J.L.",NA,NA,NA,NA
"Gnathostomata","Brazil",2000,"urn:lsid:marinespecies.org:taxname:276066","2000","Scarus zelindae","Abrolhos",FALSE,10194,"39",276066,-17.46,293496,"Actinopterygii",1828,1821,125557,"MFSFAF1018","PreservedSpecimen",FALSE,12,"2777ad7a-c4a7-481d-9bf2-f044fa97799c","26","Osteichthyes","Eupercaria incertae sedis","7a950cb1-88cc-4401-9368-1495e64586ff","Northern Timbebas Reef, Abrolhos National Park",-39.031944,"RAP",951523200000,276066,951523200000,"2","Scarus","2000-02-26T12:00:00Z",FALSE,"Moura, Figueiredo & Sazima, 2001",FALSE,"Scarinae",159299,"Scarus zelindae",TRUE,3.5,146419,151787,"CI_BR",951523200000,"Actinopteri",1517577,"South Atlantic","Animalia",843664,7.75,"Chordata","Scarus zelindae","Vertebrata","Teleostei","Scaridae",2,152352,"dde0dbd3-92fb-41e6-9f51-b1ae930a934b",36.95,10787,25.88,6,NA,NA,NA,NA,NA
"Gnathostomata",NA,2004,"urn:lsid:marinespecies.org:taxname:276066","2004","Scarus zelindae",NA,FALSE,10194,"1",276066,-23.291,293496,"Actinopterygii",1828,1821,125557,"FFRMGFGJG1384","PreservedSpecimen",FALSE,22.5,"2a85902d-15dd-4574-88a9-36d874f0f297","21","Osteichthyes","Eupercaria incertae sedis","eddee438-1ec9-4e50-83ca-a7ee7bc324cc","Ponta de Juatinga",-44.506,"Reef Fish",1085097600000,276066,1085097600000,"5","Scarus","2004-05-21T12:00:00Z",FALSE,"Moura, Figueiredo & Sazima, 2001",FALSE,"Scarinae",159299,"Scarus zelindae",TRUE,22.5,146419,151787,"MMA/BIO23",1085097600000,"Actinopteri",1517577,NA,"Animalia",843664,22.5,"Chordata","Scarus zelindae","Vertebrata","Teleostei","Scaridae",2,152352,"dde0dbd3-92fb-41e6-9f51-b1ae930a934b",36.01,8,23.65,22,"Ferreira, C.E.L.; Ferreira, C.G.W.; Rangel, C.A.; Mendonca, J.P.; Gerhardinger, L.C.; Filho, A.C.; Godoy, E.A.; Junior, O.L.; Gasparini, J.L.",NA,NA,NA,NA
"Gnathostomata","Brazil",2000,"urn:lsid:marinespecies.org:taxname:276066","2000","Scarus zelindae","Abrolhos",FALSE,10194,"21",276066,-17.819167,293496,"Actinopterygii",1828,1821,125557,"MFSFAF1007","PreservedSpecimen",FALSE,18,"39e02ed4-5d6a-40b7-945b-c26dac90cdbe","19","Osteichthyes","Eupercaria incertae sedis","7a950cb1-88cc-4401-9368-1495e64586ff","Eastern Parcel das Paredes",-38.924722,"RAP",950918400000,276066,950918400000,"2","Scarus","2000-02-19T12:00:00Z",FALSE,"Moura, Figueiredo & Sazima, 2001",FALSE,"Scarinae",159299,"Scarus zelindae",TRUE,6,146419,151787,"CI_BR",950918400000,"Actinopteri",1517577,"South Atlantic","Animalia",843664,12,"Chordata","Scarus zelindae","Vertebrata","Teleostei","Scaridae",2,152352,"dde0dbd3-92fb-41e6-9f51-b1ae930a934b",36.96,25852,25.9,23,NA,NA,NA,NA,NA
"Gnathostomata","Brazil",2000,"urn:lsid:marinespecies.org:taxname:276066","2000","Scarus zelindae","Abrolhos",FALSE,10194,"14",276066,-16.886389,293496,"Actinopterygii",1828,1821,125557,"MFSFAF1001","PreservedSpecimen",FALSE,5.5,"52e8f1f8-e7ec-421d-9067-1fea6d856b33","16","Osteichthyes","Eupercaria incertae sedis","7a950cb1-88cc-4401-9368-1495e64586ff","Pedra Brava, Itacolomis Reefs",-39.085,"RAP",950659200000,276066,950659200000,"2","Scarus","2000-02-16T12:00:00Z",FALSE,"Moura, Figueiredo & Sazima, 2001",FALSE,"Scarinae",159299,"Scarus zelindae",TRUE,1,146419,151787,"CI_BR",950659200000,"Actinopteri",1517577,"South Atlantic","Animalia",843664,3.25,"Chordata","Scarus zelindae","Vertebrata","Teleostei","Scaridae",2,152352,"dde0dbd3-92fb-41e6-9f51-b1ae930a934b",36.87,2967,25.81,6,NA,NA,NA,NA,NA
"Gnathostomata","Brazil",2000,"urn:lsid:marinespecies.org:taxname:276066","2000","Scarus zelindae","Abrolhos",FALSE,10194,"40",276066,-17.478333,293496,"Actinopterygii",1828,1821,125557,"MFSFAF1019","PreservedSpecimen",FALSE,18,"5c642db4-0dd0-4258-a729-33c7700ab9b6","26","Osteichthyes","Eupercaria incertae sedis","7a950cb1-88cc-4401-9368-1495e64586ff","Central Timbebas Reef, Abrolhos National Park",-39.027778,"RAP",951523200000,276066,951523200000,"2","Scarus","2000-02-26T12:00:00Z",FALSE,"Moura, Figueiredo & Sazima, 2001",FALSE,"Scarinae",159299,"Scarus zelindae",TRUE,7,146419,151787,"CI_BR",951523200000,"Actinopteri",1517577,"South Atlantic","Animalia",843664,12.5,"Chordata","Scarus zelindae","Vertebrata","Teleostei","Scaridae",2,152352,"dde0dbd3-92fb-41e6-9f51-b1ae930a934b",36.95,11949,25.88,7,NA,NA,NA,NA,NA
"Gnathostomata","Brazil",2000,"urn:lsid:marinespecies.org:taxname:276066","2000","Scarus zelindae","Abrolhos",FALSE,10194,"28",276066,-17.721389,293496,"Actinopterygii",1828,1821,125557,"MFSFAF1011","PreservedSpecimen",FALSE,25,"5dff41ee-60e4-43b4-a0fc-7b475b15492b","22","Osteichthyes","Eupercaria incertae sedis","7a950cb1-88cc-4401-9368-1495e64586ff","Border of Caladas Falsas Bank",-38.601389,"RAP",951177600000,276066,951177600000,"2","Scarus","2000-02-22T12:00:00Z",FALSE,"Moura, Figueiredo & Sazima, 2001",FALSE,"Scarinae",159299,"Scarus zelindae",TRUE,16,146419,151787,"CI_BR",951177600000,"Actinopteri",1517577,"South Atlantic","Animalia",843664,20.5,"Chordata","Scarus zelindae","Vertebrata","Teleostei","Scaridae",2,152352,"dde0dbd3-92fb-41e6-9f51-b1ae930a934b",37.11,28518,25.95,13,NA,NA,NA,NA,NA
"Gnathostomata","Brazil",2000,"urn:lsid:marinespecies.org:taxname:276066","2000","Scarus zelindae","Abrolhos",FALSE,10194,"36",276066,-17.682222,293496,"Actinopterygii",1828,1821,125557,"MFSFAF1015","PreservedSpecimen",FALSE,12.5,"6a95da1b-6537-40c8-9df4-b9b7510579c3","25","Osteichthyes","Eupercaria incertae sedis","7a950cb1-88cc-4401-9368-1495e64586ff","Lixa Reef, Parcel das Paredes",-38.966389,"RAP",951436800000,276066,951436800000,"2","Scarus","2000-02-25T12:00:00Z",FALSE,"Moura, Figueiredo & Sazima, 2001",FALSE,"Scarinae",159299,"Scarus zelindae",TRUE,4.5,146419,151787,"CI_BR",951436800000,"Actinopteri",1517577,"South Atlantic","Animalia",843664,8.5,"Chordata","Scarus zelindae","Vertebrata","Teleostei","Scaridae",2,152352,"dde0dbd3-92fb-41e6-9f51-b1ae930a934b",36.97,10749,25.89,5,NA,NA,NA,NA,NA
"Gnathostomata","Brazil",2000,"urn:lsid:marinespecies.org:taxname:276066","2000","Scarus zelindae","Abrolhos",FALSE,10194,"24",276066,-17.813056,293496,"Actinopterygii",1828,1821,125557,"MFSFAF1009","PreservedSpecimen",FALSE,11,"6bb53fbb-e70d-4c05-8657-fd22c54f0435","20","Osteichthyes","Eupercaria incertae sedis","7a950cb1-88cc-4401-9368-1495e64586ff","Wertern Parcel das Paredes",-39.011111,"RAP",951004800000,276066,951004800000,"2","Scarus","2000-02-20T12:00:00Z",FALSE,"Moura, Figueiredo & Sazima, 2001",FALSE,"Scarinae",159299,"Scarus zelindae",TRUE,3,146419,151787,"CI_BR",951004800000,"Actinopteri",1517577,"South Atlantic","Animalia",843664,7,"Chordata","Scarus zelindae","Vertebrata","Teleostei","Scaridae",2,152352,"dde0dbd3-92fb-41e6-9f51-b1ae930a934b",36.95,18151,25.9,2,NA,NA,NA,NA,NA
"Gnathostomata","Brazil",2000,"urn:lsid:marinespecies.org:taxname:276066","2000","Scarus zelindae","Abrolhos",FALSE,10194,"35",276066,-18.048056,293496,"Actinopterygii",1828,1821,125557,"MFSFAF1014","PreservedSpecimen",FALSE,25.5,"6f5b5a70-85be-4cd1-8403-63c3f8cace02","24","Osteichthyes","Eupercaria incertae sedis","7a950cb1-88cc-4401-9368-1495e64586ff","Southern Parcel dos Abrolhos, Abrolhos National Park",-38.678889,"RAP",951350400000,276066,951350400000,"2","Scarus","2000-02-24T12:00:00Z",FALSE,"Moura, Figueiredo & Sazima, 2001",FALSE,"Scarinae",159299,"Scarus zelindae",TRUE,8,146419,151787,"CI_BR",951350400000,"Actinopteri",1517577,"South Atlantic","Animalia",843664,16.75,"Chordata","Scarus zelindae","Vertebrata","Teleostei","Scaridae",2,152352,"dde0dbd3-92fb-41e6-9f51-b1ae930a934b",37.08,7623,25.91,3,NA,NA,NA,NA,NA
"Gnathostomata","Brazil",2000,"urn:lsid:marinespecies.org:taxname:276066","2000","Scarus zelindae","Abrolhos",FALSE,10194,"18",276066,-16.891667,293496,"Actinopterygii",1828,1821,125557,"MFSFAF1004","PreservedSpecimen",FALSE,5.5,"73b84f8d-4fca-46f0-95ef-6dbbf2d8567c","17","Osteichthyes","Eupercaria incertae sedis","7a950cb1-88cc-4401-9368-1495e64586ff","Costao, Itacolomis Reefs",-39.065278,"RAP",950745600000,276066,950745600000,"2","Scarus","2000-02-17T12:00:00Z",FALSE,"Moura, Figueiredo & Sazima, 2001",FALSE,"Scarinae",159299,"Scarus zelindae",TRUE,1,146419,151787,"CI_BR",950745600000,"Actinopteri",1517577,"South Atlantic","Animalia",843664,3.25,"Chordata","Scarus zelindae","Vertebrata","Teleostei","Scaridae",2,152352,"dde0dbd3-92fb-41e6-9f51-b1ae930a934b",36.87,4868,25.93,5,NA,NA,NA,NA,NA
"Gnathostomata","Brazil",2000,"urn:lsid:marinespecies.org:taxname:276066","2000","Scarus zelindae","Abrolhos",FALSE,10194,"31",276066,-18.101944,293496,"Actinopterygii",1828,1821,125557,"MFSFAF1013","PreservedSpecimen",FALSE,25.5,"753c3bb0-b42b-4fbe-be75-193542d598da","23","Osteichthyes","Eupercaria incertae sedis","7a950cb1-88cc-4401-9368-1495e64586ff","California Reef, Abrolhos National Park",-38.590556,"RAP",9.51264e+11,276066,9.51264e+11,"2","Scarus","2000-02-23T12:00:00Z",FALSE,"Moura, Figueiredo & Sazima, 2001",FALSE,"Scarinae",159299,"Scarus zelindae",TRUE,9,146419,151787,"CI_BR",9.51264e+11,"Actinopteri",1517577,"South Atlantic","Animalia",843664,17.25,"Chordata","Scarus zelindae","Vertebrata","Teleostei","Scaridae",2,152352,"dde0dbd3-92fb-41e6-9f51-b1ae930a934b",37.11,17510,25.9,6,NA,NA,NA,NA,NA
"Gnathostomata","Brazil",2000,"urn:lsid:marinespecies.org:taxname:276066","2000","Scarus zelindae","Abrolhos",FALSE,10194,"26",276066,-18.003889,293496,"Actinopterygii",1828,1821,125557,"MFSFAF1010","PreservedSpecimen",FALSE,NA,"7ce7a896-97ad-4c3b-b767-f34103f34033","21","Osteichthyes","Eupercaria incertae sedis","7a950cb1-88cc-4401-9368-1495e64586ff","Western Parcel dos Abrolhos, Abrolhos National Park",-38.703611,"RAP",951091200000,276066,951091200000,"2","Scarus","2000-02-21T12:00:00Z",FALSE,"Moura, Figueiredo & Sazima, 2001",FALSE,"Scarinae",159299,"Scarus zelindae",TRUE,NA,146419,151787,"CI_BR",951091200000,"Actinopteri",1517577,"South Atlantic","Animalia",843664,NA,"Chordata","Scarus zelindae","Vertebrata","Teleostei","Scaridae",2,152352,"dde0dbd3-92fb-41e6-9f51-b1ae930a934b",37.08,2488,25.91,5,NA,NA,NA,NA,NA
"Gnathostomata","Brazil",2000,"urn:lsid:marinespecies.org:taxname:276066","2000","Scarus zelindae","Abrolhos",FALSE,10194,"4",276066,-18.020278,293496,"Actinopterygii",1828,1821,125557,"MFSFAF998","PreservedSpecimen",FALSE,15.9,"902ff925-982e-4b08-ac79-8fabda76840c","12","Osteichthyes","Eupercaria incertae sedis","7a950cb1-88cc-4401-9368-1495e64586ff","Sequeiro of Popa Verde II",-38.988333,"RAP",950313600000,276066,950313600000,"2","Scarus","2000-02-12T12:00:00Z",FALSE,"Moura, Figueiredo & Sazima, 2001",FALSE,"Scarinae",159299,"Scarus zelindae",TRUE,3.9,146419,151787,"CI_BR",950313600000,"Actinopteri",1517577,"South Atlantic","Animalia",843664,9.9,"Chordata","Scarus zelindae","Vertebrata","Teleostei","Scaridae",2,152352,"dde0dbd3-92fb-41e6-9f51-b1ae930a934b",36.98,23789,25.91,7,NA,NA,NA,NA,NA
"Gnathostomata","Brazil",2000,"urn:lsid:marinespecies.org:taxname:276066","2000","Scarus zelindae","Abrolhos",FALSE,10194,"3",276066,-18.028333,293496,"Actinopterygii",1828,1821,125557,"MFSFAF997","PreservedSpecimen",FALSE,21.7,"94a347ee-53d7-4d00-8cda-ae1dfa1a4c77","12","Osteichthyes","Eupercaria incertae sedis","7a950cb1-88cc-4401-9368-1495e64586ff","Sequeiro of Popa Verde I",-39,"RAP",950313600000,276066,950313600000,"2","Scarus","2000-02-12T12:00:00Z",FALSE,"Moura, Figueiredo & Sazima, 2001",FALSE,"Scarinae",159299,"Scarus zelindae",TRUE,9,146419,151787,"CI_BR",950313600000,"Actinopteri",1517577,"South Atlantic","Animalia",843664,15.35,"Chordata","Scarus zelindae","Vertebrata","Teleostei","Scaridae",2,152352,"dde0dbd3-92fb-41e6-9f51-b1ae930a934b",36.98,22846,25.91,5,NA,NA,NA,NA,NA
"Gnathostomata","Brazil",2000,"urn:lsid:marinespecies.org:taxname:276066","2000","Scarus zelindae","Abrolhos",FALSE,10194,"30",276066,-18.012778,293496,"Actinopterygii",1828,1821,125557,"MFSFAF1012","PreservedSpecimen",FALSE,18,"9e99c25a-d7a3-4539-9fdc-8595b76cef51","23","Osteichthyes","Eupercaria incertae sedis","7a950cb1-88cc-4401-9368-1495e64586ff","Eastern Parcel dos Abrolhos, Abrolhos National Park",-38.639444,"RAP",9.51264e+11,276066,9.51264e+11,"2","Scarus","2000-02-23T12:00:00Z",FALSE,"Moura, Figueiredo & Sazima, 2001",FALSE,"Scarinae",159299,"Scarus zelindae",TRUE,10,146419,151787,"CI_BR",9.51264e+11,"Actinopteri",1517577,"South Atlantic","Animalia",843664,14,"Chordata","Scarus zelindae","Vertebrata","Teleostei","Scaridae",2,152352,"dde0dbd3-92fb-41e6-9f51-b1ae930a934b",37.11,6984,25.91,7,NA,NA,NA,NA,NA
"Gnathostomata","Brazil",2000,"urn:lsid:marinespecies.org:taxname:276066","2000","Scarus zelindae","Abrolhos",FALSE,10194,"1",276066,-17.996111,293496,"Actinopterygii",1828,1821,125557,"MFSFAF996","PreservedSpecimen",FALSE,6,"a0d146e6-21bb-455b-83b1-e03e08c64477","11","Osteichthyes","Eupercaria incertae sedis","7a950cb1-88cc-4401-9368-1495e64586ff","Nova Vicosa Reef",-39.272778,"RAP",950227200000,276066,950227200000,"2","Scarus","2000-02-11T12:00:00Z",FALSE,"Moura, Figueiredo & Sazima, 2001",FALSE,"Scarinae",159299,"Scarus zelindae",TRUE,3,146419,151787,"CI_BR",950227200000,"Actinopteri",1517577,"South Atlantic","Animalia",843664,4.5,"Chordata","Scarus zelindae","Vertebrata","Teleostei","Scaridae",2,152352,"dde0dbd3-92fb-41e6-9f51-b1ae930a934b",36.93,7404,25.88,5,NA,NA,NA,NA,NA
"Gnathostomata","Brazil",2000,"urn:lsid:marinespecies.org:taxname:276066","2000","Scarus zelindae","Abrolhos",FALSE,10194,"15",276066,-16.882778,293496,"Actinopterygii",1828,1821,125557,"MFSFAF1002","PreservedSpecimen",FALSE,12,"ad61b81a-0a0e-418d-abd4-669bf0b1bc1f","16","Osteichthyes","Eupercaria incertae sedis","7a950cb1-88cc-4401-9368-1495e64586ff","Ponta Norte, Itacolomis Reefs",-39.051111,"RAP",950659200000,276066,950659200000,"2","Scarus","2000-02-16T12:00:00Z",FALSE,"Moura, Figueiredo & Sazima, 2001",FALSE,"Scarinae",159299,"Scarus zelindae",TRUE,5,146419,151787,"CI_BR",950659200000,"Actinopteri",1517577,"South Atlantic","Animalia",843664,8.5,"Chordata","Scarus zelindae","Vertebrata","Teleostei","Scaridae",2,152352,"dde0dbd3-92fb-41e6-9f51-b1ae930a934b",36.87,6529,25.93,2,NA,NA,NA,NA,NA
"Gnathostomata","Brazil",2000,"urn:lsid:marinespecies.org:taxname:276066","2000","Scarus zelindae","Abrolhos",FALSE,10194,"19",276066,-17.708056,293496,"Actinopterygii",1828,1821,125557,"MFSFAF1005","PreservedSpecimen",FALSE,4.5,"b3a55dfb-96c8-4fd3-933c-b0d03e58bc5c","18","Osteichthyes","Eupercaria incertae sedis","7a950cb1-88cc-4401-9368-1495e64586ff","Lixa Reef, Parcel das Paredes",-39.000833,"RAP",9.50832e+11,276066,9.50832e+11,"2","Scarus","2000-02-18T12:00:00Z",FALSE,"Moura, Figueiredo & Sazima, 2001",FALSE,"Scarinae",159299,"Scarus zelindae",TRUE,1,146419,151787,"CI_BR",9.50832e+11,"Actinopteri",1517577,"South Atlantic","Animalia",843664,2.75,"Chordata","Scarus zelindae","Vertebrata","Teleostei","Scaridae",2,152352,"dde0dbd3-92fb-41e6-9f51-b1ae930a934b",36.95,11261,25.89,13,NA,NA,NA,NA,NA
"Gnathostomata","Brazil",2000,"urn:lsid:marinespecies.org:taxname:276066","2000","Scarus zelindae","Abrolhos",FALSE,10194,"45",276066,-17.786389,293496,"Actinopterygii",1828,1821,125557,"MFSFAF1021","PreservedSpecimen",FALSE,12,"b5c8c5fc-c9d9-4ea6-9d9e-26c50bfcf224","28","Osteichthyes","Eupercaria incertae sedis","7a950cb1-88cc-4401-9368-1495e64586ff","Pedra de Leste, Parcel das Paredes",-39.048333,"RAP",9.51696e+11,276066,9.51696e+11,"2","Scarus","2000-02-28T12:00:00Z",FALSE,"Moura, Figueiredo & Sazima, 2001",FALSE,"Scarinae",159299,"Scarus zelindae",TRUE,2.5,146419,151787,"CI_BR",9.51696e+11,"Actinopteri",1517577,"South Atlantic","Animalia",843664,7.25,"Chordata","Scarus zelindae","Vertebrata","Teleostei","Scaridae",2,152352,"dde0dbd3-92fb-41e6-9f51-b1ae930a934b",36.95,13302,25.9,3,NA,NA,NA,NA,NA
"Gnathostomata","Brazil",2000,"urn:lsid:marinespecies.org:taxname:276066","2000","Scarus zelindae","Abrolhos",FALSE,10194,"42",276066,-17.426111,293496,"Actinopterygii",1828,1821,125557,"MFSFAF1020","PreservedSpecimen",FALSE,23,"bcf8847f-972d-4e97-8ae4-c751a5477e13","27","Osteichthyes","Eupercaria incertae sedis","7a950cb1-88cc-4401-9368-1495e64586ff","Salteado de Timbebas",-38.971111,"RAP",951609600000,276066,951609600000,"2","Scarus","2000-02-27T12:00:00Z",FALSE,"Moura, Figueiredo & Sazima, 2001",FALSE,"Scarinae",159299,"Scarus zelindae",TRUE,23,146419,151787,"CI_BR",951609600000,"Actinopteri",1517577,"South Atlantic","Animalia",843664,23,"Chordata","Scarus zelindae","Vertebrata","Teleostei","Scaridae",2,152352,"dde0dbd3-92fb-41e6-9f51-b1ae930a934b",36.96,16735,25.89,18,NA,NA,NA,NA,NA
"Gnathostomata","Brazil",2000,"urn:lsid:marinespecies.org:taxname:276066","2000","Scarus zelindae","Abrolhos",FALSE,10194,"37",276066,-17.751944,293496,"Actinopterygii",1828,1821,125557,"MFSFAF1016","PreservedSpecimen",FALSE,6,"c28015b6-8447-419a-bffb-61420762686a","25","Osteichthyes","Eupercaria incertae sedis","7a950cb1-88cc-4401-9368-1495e64586ff","Boqueirao, Parcel das Paredes",-38.978611,"RAP",951436800000,276066,951436800000,"2","Scarus","2000-02-25T12:00:00Z",FALSE,"Moura, Figueiredo & Sazima, 2001",FALSE,"Scarinae",159299,"Scarus zelindae",TRUE,1.5,146419,151787,"CI_BR",951436800000,"Actinopteri",1517577,"South Atlantic","Animalia",843664,3.75,"Chordata","Scarus zelindae","Vertebrata","Teleostei","Scaridae",2,152352,"dde0dbd3-92fb-41e6-9f51-b1ae930a934b",36.96,16662,25.9,3,NA,NA,NA,NA,NA
"Gnathostomata",NA,2003,"urn:lsid:marinespecies.org:taxname:276066","2003","Scarus zelindae",NA,FALSE,10194,"1",276066,-23.291,293496,"Actinopterygii",1828,1821,125557,"FFRMGFGJG1383","PreservedSpecimen",FALSE,22.5,"c5f5e14e-47bc-4bd1-ad33-f0ea8e2ca0a8","17","Osteichthyes","Eupercaria incertae sedis","eddee438-1ec9-4e50-83ca-a7ee7bc324cc","Ponta de Juatinga",-44.506,"Reef Fish",1069027200000,276066,1069027200000,"11","Scarus","2003-11-17T12:00:00Z",FALSE,"Moura, Figueiredo & Sazima, 2001",FALSE,"Scarinae",159299,"Scarus zelindae",TRUE,22.5,146419,151787,"MMA/BIO23",1069027200000,"Actinopteri",1517577,NA,"Animalia",843664,22.5,"Chordata","Scarus zelindae","Vertebrata","Teleostei","Scaridae",2,152352,"dde0dbd3-92fb-41e6-9f51-b1ae930a934b",36.01,8,23.65,22,"Ferreira, C.E.L.; Ferreira, C.G.W.; Rangel, C.A.; Mendonca, J.P.; Gerhardinger, L.C.; Filho, A.C.; Godoy, E.A.; Junior, O.L.; Gasparini, J.L.",NA,NA,NA,NA
"Gnathostomata","Brazil",2000,"urn:lsid:marinespecies.org:taxname:276066","2000","Scarus zelindae","Abrolhos",FALSE,10194,"20",276066,-17.745556,293496,"Actinopterygii",1828,1821,125557,"MFSFAF1006","PreservedSpecimen",FALSE,18,"e049b581-2cef-405d-9b48-63abe844b0ae","19","Osteichthyes","Eupercaria incertae sedis","7a950cb1-88cc-4401-9368-1495e64586ff","Pedra Grande Reef, Parcel das Paredes",-38.918889,"RAP",950918400000,276066,950918400000,"2","Scarus","2000-02-19T12:00:00Z",FALSE,"Moura, Figueiredo & Sazima, 2001",FALSE,"Scarinae",159299,"Scarus zelindae",TRUE,9.5,146419,151787,"CI_BR",950918400000,"Actinopteri",1517577,"South Atlantic","Animalia",843664,13.75,"Chordata","Scarus zelindae","Vertebrata","Teleostei","Scaridae",2,152352,"dde0dbd3-92fb-41e6-9f51-b1ae930a934b",36.97,19356,25.89,6,NA,NA,NA,NA,NA
"Gnathostomata","Brazil",2000,"urn:lsid:marinespecies.org:taxname:276066","2000","Scarus zelindae","Abrolhos",FALSE,10194,"8",276066,-18.005833,293496,"Actinopterygii",1828,1821,125557,"MFSFAF999","PreservedSpecimen",FALSE,23.3,"e698d9ed-f138-4397-a66a-edbbd912bc49","13","Osteichthyes","Eupercaria incertae sedis","7a950cb1-88cc-4401-9368-1495e64586ff","Eastern Popa Verde",-38.938889,"RAP",9.504e+11,276066,9.504e+11,"2","Scarus","2000-02-13T12:00:00Z",FALSE,"Moura, Figueiredo & Sazima, 2001",FALSE,"Scarinae",159299,"Scarus zelindae",TRUE,8.7,146419,151787,"CI_BR",9.504e+11,"Actinopteri",1517577,"South Atlantic","Animalia",843664,16,"Chordata","Scarus zelindae","Vertebrata","Teleostei","Scaridae",2,152352,"dde0dbd3-92fb-41e6-9f51-b1ae930a934b",36.98,24391,25.91,10,NA,NA,NA,NA,NA
